{
  "average_metrics": {
    "MAE": 1.1912167615922609,
    "RMSE": 1.6069590095007094,
    "MAPE": 4.848012002951581,
    "R2": 0.9068399296392388
  },
  "per_hour_metrics": {
    "t+1h": {
      "hour": 1,
      "metrics": {
        "MAE": 0.5467704439719514,
        "RMSE": 0.7921927142682611,
        "MAPE": 2.1935685552518542,
        "R2": 0.9782600773832762
      }
    },
    "t+2h": {
      "hour": 2,
      "metrics": {
        "MAE": 0.6584346360546426,
        "RMSE": 0.9519650394939219,
        "MAPE": 2.6476541097081148,
        "R2": 0.9686062626970976
      }
    },
    "t+3h": {
      "hour": 3,
      "metrics": {
        "MAE": 0.7439588084991947,
        "RMSE": 1.0675455420955224,
        "MAPE": 2.987363924673876,
        "R2": 0.9605198713726681
      }
    },
    "t+4h": {
      "hour": 4,
      "metrics": {
        "MAE": 0.8762882775259481,
        "RMSE": 1.2246671508919829,
        "MAPE": 3.5230637096937594,
        "R2": 0.9480430121018031
      }
    },
    "t+5h": {
      "hour": 5,
      "metrics": {
        "MAE": 0.9326193823340703,
        "RMSE": 1.296624666451365,
        "MAPE": 3.7464284762663413,
        "R2": 0.9417573533698719
      }
    },
    "t+6h": {
      "hour": 6,
      "metrics": {
        "MAE": 0.998450747344035,
        "RMSE": 1.3848825908570213,
        "MAPE": 4.01530849494701,
        "R2": 0.9335579274984473
      }
    },
    "t+7h": {
      "hour": 7,
      "metrics": {
        "MAE": 1.0541852875681437,
        "RMSE": 1.443782142585528,
        "MAPE": 4.24647975117405,
        "R2": 0.927785706787037
      }
    },
    "t+8h": {
      "hour": 8,
      "metrics": {
        "MAE": 1.1038208144009283,
        "RMSE": 1.5053470273009104,
        "MAPE": 4.450734164858592,
        "R2": 0.9214944437582248
      }
    },
    "t+9h": {
      "hour": 9,
      "metrics": {
        "MAE": 1.1545514203795455,
        "RMSE": 1.565703351755511,
        "MAPE": 4.658278503326531,
        "R2": 0.9150714201086102
      }
    },
    "t+10h": {
      "hour": 10,
      "metrics": {
        "MAE": 1.1997300422653028,
        "RMSE": 1.61915191450263,
        "MAPE": 4.850721084504209,
        "R2": 0.9091745256486548
      }
    },
    "t+11h": {
      "hour": 11,
      "metrics": {
        "MAE": 1.2412841548221174,
        "RMSE": 1.6665811460303719,
        "MAPE": 5.024889243804656,
        "R2": 0.9037779789112809
      }
    },
    "t+12h": {
      "hour": 12,
      "metrics": {
        "MAE": 1.2633934851608173,
        "RMSE": 1.6948185972290353,
        "MAPE": 5.123236853810942,
        "R2": 0.9004940608260342
      }
    },
    "t+13h": {
      "hour": 13,
      "metrics": {
        "MAE": 1.3052100662029325,
        "RMSE": 1.7430894387735718,
        "MAPE": 5.305949787156629,
        "R2": 0.8947455660454421
      }
    },
    "t+14h": {
      "hour": 14,
      "metrics": {
        "MAE": 1.322483607164996,
        "RMSE": 1.7656238630763141,
        "MAPE": 5.401233824005136,
        "R2": 0.8920077886057125
      }
    },
    "t+15h": {
      "hour": 15,
      "metrics": {
        "MAE": 1.3467421622401683,
        "RMSE": 1.791088837444976,
        "MAPE": 5.504278725909143,
        "R2": 0.8888715367939192
      }
    },
    "t+16h": {
      "hour": 16,
      "metrics": {
        "MAE": 1.3671474127943202,
        "RMSE": 1.8222607999725984,
        "MAPE": 5.5906336813297886,
        "R2": 0.884972481490648
      }
    },
    "t+17h": {
      "hour": 17,
      "metrics": {
        "MAE": 1.3884950212427238,
        "RMSE": 1.8472253600064383,
        "MAPE": 5.690034091663002,
        "R2": 0.8818021628082297
      }
    },
    "t+18h": {
      "hour": 18,
      "metrics": {
        "MAE": 1.3969152039847061,
        "RMSE": 1.8540862535322404,
        "MAPE": 5.709550995484336,
        "R2": 0.8809255138314299
      }
    },
    "t+19h": {
      "hour": 19,
      "metrics": {
        "MAE": 1.4116215798844727,
        "RMSE": 1.8759573262687463,
        "MAPE": 5.781872006365477,
        "R2": 0.8781008867631614
      }
    },
    "t+20h": {
      "hour": 20,
      "metrics": {
        "MAE": 1.4349875200241526,
        "RMSE": 1.9014743945310428,
        "MAPE": 5.874093085222333,
        "R2": 0.8747628427617975
      }
    },
    "t+21h": {
      "hour": 21,
      "metrics": {
        "MAE": 1.4365390927635986,
        "RMSE": 1.9110591404363346,
        "MAPE": 5.895550020862053,
        "R2": 0.8734966904321539
      }
    },
    "t+22h": {
      "hour": 22,
      "metrics": {
        "MAE": 1.4537364206042573,
        "RMSE": 1.9283829241235542,
        "MAPE": 5.9621154529011955,
        "R2": 0.8711926686047728
      }
    },
    "t+23h": {
      "hour": 23,
      "metrics": {
        "MAE": 1.4632420731983848,
        "RMSE": 1.9442764721571788,
        "MAPE": 6.024957291441011,
        "R2": 0.8690602618804474
      }
    },
    "t+24h": {
      "hour": 24,
      "metrics": {
        "MAE": 1.4885946177828486,
        "RMSE": 1.969229534231964,
        "MAPE": 6.144292236477894,
        "R2": 0.8656772708610078
      }
    }
  }
}