{
  "t+1": {
    "metrics": {
      "MAE": 1.167412814807342,
      "RMSE": 1.51829112423011,
      "MAPE": 4.9442979239434806,
      "R2": 0.902168380755894
    },
    "n_samples": 585
  },
  "t+2": {
    "metrics": {
      "MAE": 1.545549666116731,
      "RMSE": 1.9818822981222526,
      "MAPE": 6.657902919962558,
      "R2": 0.8333272745851944
    },
    "n_samples": 585
  },
  "t+3": {
    "metrics": {
      "MAE": 1.6464642758107682,
      "RMSE": 2.1359131175164983,
      "MAPE": 7.137850217135989,
      "R2": 0.8063682892479626
    },
    "n_samples": 585
  },
  "t+4": {
    "metrics": {
      "MAE": 1.7315950441794776,
      "RMSE": 2.206022350813507,
      "MAPE": 7.554533734959257,
      "R2": 0.7927297098640338
    },
    "n_samples": 585
  },
  "t+5": {
    "metrics": {
      "MAE": 1.747099877700228,
      "RMSE": 2.2128011930191605,
      "MAPE": 7.577221529660805,
      "R2": 0.7889703881221031
    },
    "n_samples": 585
  }
}